<?xml version="1.0" encoding="UTF-8"?>
<!-- Product Version: Vivado v2022.1 (64-bit)                     -->
<!--                                                              -->
<!-- Copyright 1986-2022 Xilinx, Inc. All Rights Reserved.        -->

<hwsession version="1" minor="2">
  <device name="xc7z020_1" gui_info="dashboard1=hw_vios[xc7z020_1/hw_vio_1=VIO_PROBES_1;]"/>
  <ObjectList object_type="hw_device" gui_info="">
    <Object name="xc7z020_1" gui_info="">
      <Properties Property="FULL_PROBES.FILE" value="$_project_name_.runs/impl_1/sixteenbit_adder_top.ltx"/>
      <Properties Property="PROBES.FILE" value="$_project_name_.runs/impl_1/sixteenbit_adder_top.ltx"/>
      <Properties Property="PROGRAM.HW_BITSTREAM" value="$_project_name_.runs/impl_1/sixteenbit_adder_top.bit"/>
      <Properties Property="SLR.COUNT" value="1"/>
    </Object>
  </ObjectList>
  <ObjectList object_type="hw_probe" gui_info="">
    <Object name="adder_1st_input[15:0]" gui_info="hw_vios/hw_vio_1=0"/>
    <Object name="adder_2nd_input[15:0]" gui_info="hw_vios/hw_vio_1=2"/>
    <Object name="adder_output[15:0]" gui_info="hw_vios/hw_vio_1=1"/>
    <Object name="adder_ovf_flag_OBUF" gui_info="hw_vios/hw_vio_1=3"/>
  </ObjectList>
  <ObjectList object_type="hw_vio" gui_info="">
    <Object name="hw_vio_1" gui_info="hw_vios/hw_vio_1/TablePreference=5	465	Name	0	2147483647	15	175	175	Value	1	2147483647	15	92	92	Activity	2	2147483647	15	58	58	Direction	3	2147483647	15	72	72	VIO	4	2147483647	15	68	68			1	6	1	Name	Value	Activity	Direction	VIO"/>
  </ObjectList>
  <probeset name="hw project" active="false">
    <probe type="vio_input" busType="bus" source="netlist" spec="VIO_INPUT_V2_RT">
      <probeOptions Id="DebugProbeParams">
        <Option Id="ACTIVITY_PERSISTENCE" value="SHORT"/>
        <Option Id="DISPLAY_HINT" value=""/>
        <Option Id="DISPLAY_VISIBILITY" value=""/>
        <Option Id="HW_VIO" value="hw_vio_1"/>
        <Option Id="INPUT_VALUE_RADIX" value="HEX"/>
        <Option Id="NAME.CUSTOM" value=""/>
        <Option Id="NAME.SELECT" value="Long"/>
        <Option Id="SOURCE" value="netlist"/>
      </probeOptions>
      <nets>
        <net name="adder_output[15]"/>
        <net name="adder_output[14]"/>
        <net name="adder_output[13]"/>
        <net name="adder_output[12]"/>
        <net name="adder_output[11]"/>
        <net name="adder_output[10]"/>
        <net name="adder_output[9]"/>
        <net name="adder_output[8]"/>
        <net name="adder_output[7]"/>
        <net name="adder_output[6]"/>
        <net name="adder_output[5]"/>
        <net name="adder_output[4]"/>
        <net name="adder_output[3]"/>
        <net name="adder_output[2]"/>
        <net name="adder_output[1]"/>
        <net name="adder_output[0]"/>
      </nets>
    </probe>
    <probe type="vio_input" busType="net" source="netlist" spec="VIO_INPUT_V2_RT">
      <probeOptions Id="DebugProbeParams">
        <Option Id="ACTIVITY_PERSISTENCE" value="SHORT"/>
        <Option Id="DISPLAY_HINT" value=""/>
        <Option Id="DISPLAY_VISIBILITY" value=""/>
        <Option Id="HW_VIO" value="hw_vio_1"/>
        <Option Id="INPUT_VALUE_RADIX" value="BINARY"/>
        <Option Id="NAME.CUSTOM" value=""/>
        <Option Id="NAME.SELECT" value="Long"/>
        <Option Id="SOURCE" value="netlist"/>
      </probeOptions>
      <nets>
        <net name="adder_ovf_flag_OBUF"/>
      </nets>
    </probe>
    <probe type="vio_output" busType="bus" source="netlist" spec="VIO_OUTPUT_V2_RT">
      <probeOptions Id="DebugProbeParams">
        <Option Id="DISPLAY_HINT" value=""/>
        <Option Id="DISPLAY_VISIBILITY" value=""/>
        <Option Id="HW_VIO" value="hw_vio_1"/>
        <Option Id="NAME.CUSTOM" value=""/>
        <Option Id="NAME.SELECT" value="Long"/>
        <Option Id="OUTPUT_VALUE" value="A555"/>
        <Option Id="OUTPUT_VALUE_RADIX" value="HEX"/>
        <Option Id="SOURCE" value="netlist"/>
      </probeOptions>
      <nets>
        <net name="adder_1st_input[15]"/>
        <net name="adder_1st_input[14]"/>
        <net name="adder_1st_input[13]"/>
        <net name="adder_1st_input[12]"/>
        <net name="adder_1st_input[11]"/>
        <net name="adder_1st_input[10]"/>
        <net name="adder_1st_input[9]"/>
        <net name="adder_1st_input[8]"/>
        <net name="adder_1st_input[7]"/>
        <net name="adder_1st_input[6]"/>
        <net name="adder_1st_input[5]"/>
        <net name="adder_1st_input[4]"/>
        <net name="adder_1st_input[3]"/>
        <net name="adder_1st_input[2]"/>
        <net name="adder_1st_input[1]"/>
        <net name="adder_1st_input[0]"/>
      </nets>
    </probe>
    <probe type="vio_output" busType="bus" source="netlist" spec="VIO_OUTPUT_V2_RT">
      <probeOptions Id="DebugProbeParams">
        <Option Id="DISPLAY_HINT" value=""/>
        <Option Id="DISPLAY_VISIBILITY" value=""/>
        <Option Id="HW_VIO" value="hw_vio_1"/>
        <Option Id="NAME.CUSTOM" value=""/>
        <Option Id="NAME.SELECT" value="Long"/>
        <Option Id="OUTPUT_VALUE" value="A415"/>
        <Option Id="OUTPUT_VALUE_RADIX" value="HEX"/>
        <Option Id="SOURCE" value="netlist"/>
      </probeOptions>
      <nets>
        <net name="adder_2nd_input[15]"/>
        <net name="adder_2nd_input[14]"/>
        <net name="adder_2nd_input[13]"/>
        <net name="adder_2nd_input[12]"/>
        <net name="adder_2nd_input[11]"/>
        <net name="adder_2nd_input[10]"/>
        <net name="adder_2nd_input[9]"/>
        <net name="adder_2nd_input[8]"/>
        <net name="adder_2nd_input[7]"/>
        <net name="adder_2nd_input[6]"/>
        <net name="adder_2nd_input[5]"/>
        <net name="adder_2nd_input[4]"/>
        <net name="adder_2nd_input[3]"/>
        <net name="adder_2nd_input[2]"/>
        <net name="adder_2nd_input[1]"/>
        <net name="adder_2nd_input[0]"/>
      </nets>
    </probe>
  </probeset>
</hwsession>
