<?xml version="1.0" encoding="UTF-8"?>
<!-- Product Version: Vivado v2022.1 (64-bit)                     -->
<!--                                                              -->
<!-- Copyright 1986-2022 Xilinx, Inc. All Rights Reserved.        -->

<hwsession version="1" minor="2">
  <device name="xc7z020_1" gui_info="dashboard1=dashboard_1[xc7z020_1/hw_vio_1=VIO_PROBES_1;]"/>
  <ObjectList object_type="hw_device" gui_info="">
    <Object name="xc7z020_1" gui_info="">
      <Properties Property="FULL_PROBES.FILE" value="$_project_name_.runs/impl_1/sixteenbit_alu_top.ltx"/>
      <Properties Property="PROBES.FILE" value="$_project_name_.runs/impl_1/sixteenbit_alu_top.ltx"/>
      <Properties Property="PROGRAM.HW_BITSTREAM" value="$_project_name_.runs/impl_1/sixteenbit_alu_top.bit"/>
      <Properties Property="SLR.COUNT" value="1"/>
    </Object>
  </ObjectList>
  <ObjectList object_type="hw_probe" gui_info="">
    <Object name="alu_1st_input[15:0]" gui_info="dashboard_1/hw_vio_1=5"/>
    <Object name="alu_2nd_input[15:0]" gui_info="dashboard_1/hw_vio_1=0"/>
    <Object name="alu_operation_sel[3:0]" gui_info="dashboard_1/hw_vio_1=1"/>
    <Object name="alu_output[15:0]" gui_info="dashboard_1/hw_vio_1=2"/>
    <Object name="alu_ovf_flag" gui_info="dashboard_1/hw_vio_1=3"/>
    <Object name="alu_take_branch" gui_info="dashboard_1/hw_vio_1=4"/>
  </ObjectList>
  <ObjectList object_type="hw_vio" gui_info="">
    <Object name="hw_vio_1" gui_info="dashboard_1/hw_vio_1/TablePreference=5	721	Name	0	2147483647	15	174	174	Value	1	2147483647	15	349	349	Activity	2	2147483647	15	58	58	Direction	3	2147483647	15	72	72	VIO	4	2147483647	15	68	68			1	6	1	Name	Value	Activity	Direction	VIO"/>
  </ObjectList>
  <probeset name="hw project" active="false">
    <probe type="vio_input" busType="bus" source="netlist" spec="VIO_INPUT_V2_RT">
      <probeOptions Id="DebugProbeParams">
        <Option Id="ACTIVITY_PERSISTENCE" value="SHORT"/>
        <Option Id="DISPLAY_HINT" value=""/>
        <Option Id="DISPLAY_VISIBILITY" value=""/>
        <Option Id="HW_VIO" value="hw_vio_1"/>
        <Option Id="INPUT_VALUE_RADIX" value="BINARY"/>
        <Option Id="NAME.CUSTOM" value=""/>
        <Option Id="NAME.SELECT" value="Long"/>
        <Option Id="SOURCE" value="netlist"/>
      </probeOptions>
      <nets>
        <net name="alu_output[15]"/>
        <net name="alu_output[14]"/>
        <net name="alu_output[13]"/>
        <net name="alu_output[12]"/>
        <net name="alu_output[11]"/>
        <net name="alu_output[10]"/>
        <net name="alu_output[9]"/>
        <net name="alu_output[8]"/>
        <net name="alu_output[7]"/>
        <net name="alu_output[6]"/>
        <net name="alu_output[5]"/>
        <net name="alu_output[4]"/>
        <net name="alu_output[3]"/>
        <net name="alu_output[2]"/>
        <net name="alu_output[1]"/>
        <net name="alu_output[0]"/>
      </nets>
    </probe>
    <probe type="vio_input" busType="net" source="netlist" spec="VIO_INPUT_V2_RT">
      <probeOptions Id="DebugProbeParams">
        <Option Id="ACTIVITY_PERSISTENCE" value="SHORT"/>
        <Option Id="DISPLAY_HINT" value=""/>
        <Option Id="DISPLAY_VISIBILITY" value=""/>
        <Option Id="HW_VIO" value="hw_vio_1"/>
        <Option Id="INPUT_VALUE_RADIX" value="BINARY"/>
        <Option Id="NAME.CUSTOM" value=""/>
        <Option Id="NAME.SELECT" value="Long"/>
        <Option Id="SOURCE" value="netlist"/>
      </probeOptions>
      <nets>
        <net name="alu_ovf_flag"/>
      </nets>
    </probe>
    <probe type="vio_input" busType="net" source="netlist" spec="VIO_INPUT_V2_RT">
      <probeOptions Id="DebugProbeParams">
        <Option Id="ACTIVITY_PERSISTENCE" value="SHORT"/>
        <Option Id="DISPLAY_HINT" value=""/>
        <Option Id="DISPLAY_VISIBILITY" value=""/>
        <Option Id="HW_VIO" value="hw_vio_1"/>
        <Option Id="INPUT_VALUE_RADIX" value="BINARY"/>
        <Option Id="NAME.CUSTOM" value=""/>
        <Option Id="NAME.SELECT" value="Long"/>
        <Option Id="SOURCE" value="netlist"/>
      </probeOptions>
      <nets>
        <net name="alu_take_branch"/>
      </nets>
    </probe>
    <probe type="vio_output" busType="bus" source="netlist" spec="VIO_OUTPUT_V2_RT">
      <probeOptions Id="DebugProbeParams">
        <Option Id="DISPLAY_HINT" value=""/>
        <Option Id="DISPLAY_VISIBILITY" value=""/>
        <Option Id="HW_VIO" value="hw_vio_1"/>
        <Option Id="NAME.CUSTOM" value=""/>
        <Option Id="NAME.SELECT" value="Long"/>
        <Option Id="OUTPUT_VALUE" value="1111111100000000"/>
        <Option Id="OUTPUT_VALUE_RADIX" value="BINARY"/>
        <Option Id="SOURCE" value="netlist"/>
      </probeOptions>
      <nets>
        <net name="alu_1st_input[15]"/>
        <net name="alu_1st_input[14]"/>
        <net name="alu_1st_input[13]"/>
        <net name="alu_1st_input[12]"/>
        <net name="alu_1st_input[11]"/>
        <net name="alu_1st_input[10]"/>
        <net name="alu_1st_input[9]"/>
        <net name="alu_1st_input[8]"/>
        <net name="alu_1st_input[7]"/>
        <net name="alu_1st_input[6]"/>
        <net name="alu_1st_input[5]"/>
        <net name="alu_1st_input[4]"/>
        <net name="alu_1st_input[3]"/>
        <net name="alu_1st_input[2]"/>
        <net name="alu_1st_input[1]"/>
        <net name="alu_1st_input[0]"/>
      </nets>
    </probe>
    <probe type="vio_output" busType="bus" source="netlist" spec="VIO_OUTPUT_V2_RT">
      <probeOptions Id="DebugProbeParams">
        <Option Id="DISPLAY_HINT" value=""/>
        <Option Id="DISPLAY_VISIBILITY" value=""/>
        <Option Id="HW_VIO" value="hw_vio_1"/>
        <Option Id="NAME.CUSTOM" value=""/>
        <Option Id="NAME.SELECT" value="Long"/>
        <Option Id="OUTPUT_VALUE" value="0000000000000100"/>
        <Option Id="OUTPUT_VALUE_RADIX" value="BINARY"/>
        <Option Id="SOURCE" value="netlist"/>
      </probeOptions>
      <nets>
        <net name="alu_2nd_input[15]"/>
        <net name="alu_2nd_input[14]"/>
        <net name="alu_2nd_input[13]"/>
        <net name="alu_2nd_input[12]"/>
        <net name="alu_2nd_input[11]"/>
        <net name="alu_2nd_input[10]"/>
        <net name="alu_2nd_input[9]"/>
        <net name="alu_2nd_input[8]"/>
        <net name="alu_2nd_input[7]"/>
        <net name="alu_2nd_input[6]"/>
        <net name="alu_2nd_input[5]"/>
        <net name="alu_2nd_input[4]"/>
        <net name="alu_2nd_input[3]"/>
        <net name="alu_2nd_input[2]"/>
        <net name="alu_2nd_input[1]"/>
        <net name="alu_2nd_input[0]"/>
      </nets>
    </probe>
    <probe type="vio_output" busType="bus" source="netlist" spec="VIO_OUTPUT_V2_RT">
      <probeOptions Id="DebugProbeParams">
        <Option Id="DISPLAY_HINT" value=""/>
        <Option Id="DISPLAY_VISIBILITY" value=""/>
        <Option Id="HW_VIO" value="hw_vio_1"/>
        <Option Id="NAME.CUSTOM" value=""/>
        <Option Id="NAME.SELECT" value="Long"/>
        <Option Id="OUTPUT_VALUE" value="4"/>
        <Option Id="OUTPUT_VALUE_RADIX" value="HEX"/>
        <Option Id="SOURCE" value="netlist"/>
      </probeOptions>
      <nets>
        <net name="alu_operation_sel[3]"/>
        <net name="alu_operation_sel[2]"/>
        <net name="alu_operation_sel[1]"/>
        <net name="alu_operation_sel[0]"/>
      </nets>
    </probe>
  </probeset>
</hwsession>
