<?xml version="1.0" encoding="UTF-8"?>
<GenRun Id="impl_1" LaunchPart="xc7z020clg400-1" LaunchTime="1664912967">
  <File Type="ROUTE-PWR" Name="sixteenbit_alu_top_power_routed.rpt"/>
  <File Type="PA-TCL" Name="sixteenbit_alu_top.tcl"/>
  <File Type="BITSTR-MMI" Name="sixteenbit_alu_top.mmi"/>
  <File Type="OPT-METHODOLOGY-DRC" Name="sixteenbit_alu_top_methodology_drc_opted.rpt"/>
  <File Type="INIT-TIMING" Name="sixteenbit_alu_top_timing_summary_init.rpt"/>
  <File Type="ROUTE-PWR-SUM" Name="sixteenbit_alu_top_power_summary_routed.pb"/>
  <File Type="REPORTS-TCL" Name="sixteenbit_alu_top_reports.tcl"/>
  <File Type="OPT-TIMING" Name="sixteenbit_alu_top_timing_summary_opted.rpt"/>
  <File Type="OPT-DCP" Name="sixteenbit_alu_top_opt.dcp"/>
  <File Type="OPT-DRC" Name="sixteenbit_alu_top_drc_opted.rpt"/>
  <File Type="OPT-HWDEF" Name="sixteenbit_alu_top.hwdef"/>
  <File Type="PWROPT-DCP" Name="sixteenbit_alu_top_pwropt.dcp"/>
  <File Type="PWROPT-DRC" Name="sixteenbit_alu_top_drc_pwropted.rpt"/>
  <File Type="PWROPT-TIMING" Name="sixteenbit_alu_top_timing_summary_pwropted.rpt"/>
  <File Type="PLACE-DCP" Name="sixteenbit_alu_top_placed.dcp"/>
  <File Type="PLACE-IO" Name="sixteenbit_alu_top_io_placed.rpt"/>
  <File Type="PLACE-CLK" Name="sixteenbit_alu_top_clock_utilization_placed.rpt"/>
  <File Type="PLACE-UTIL" Name="sixteenbit_alu_top_utilization_placed.rpt"/>
  <File Type="PLACE-UTIL-PB" Name="sixteenbit_alu_top_utilization_placed.pb"/>
  <File Type="PLACE-CTRL" Name="sixteenbit_alu_top_control_sets_placed.rpt"/>
  <File Type="PLACE-SIMILARITY" Name="sixteenbit_alu_top_incremental_reuse_placed.rpt"/>
  <File Type="PLACE-PRE-SIMILARITY" Name="sixteenbit_alu_top_incremental_reuse_pre_placed.rpt"/>
  <File Type="BG-BIN" Name="sixteenbit_alu_top.bin"/>
  <File Type="PLACE-TIMING" Name="sixteenbit_alu_top_timing_summary_placed.rpt"/>
  <File Type="POSTPLACE-PWROPT-DCP" Name="sixteenbit_alu_top_postplace_pwropt.dcp"/>
  <File Type="BITSTR-MSK" Name="sixteenbit_alu_top.msk"/>
  <File Type="POSTPLACE-PWROPT-TIMING" Name="sixteenbit_alu_top_timing_summary_postplace_pwropted.rpt"/>
  <File Type="PHYSOPT-DCP" Name="sixteenbit_alu_top_physopt.dcp"/>
  <File Type="PHYSOPT-DRC" Name="sixteenbit_alu_top_drc_physopted.rpt"/>
  <File Type="BITSTR-RBT" Name="sixteenbit_alu_top.rbt"/>
  <File Type="PHYSOPT-TIMING" Name="sixteenbit_alu_top_timing_summary_physopted.rpt"/>
  <File Type="ROUTE-ERROR-DCP" Name="sixteenbit_alu_top_routed_error.dcp"/>
  <File Type="ROUTE-DCP" Name="sixteenbit_alu_top_routed.dcp"/>
  <File Type="ROUTE-BLACKBOX-DCP" Name="sixteenbit_alu_top_routed_bb.dcp"/>
  <File Type="ROUTE-DRC" Name="sixteenbit_alu_top_drc_routed.rpt"/>
  <File Type="ROUTE-DRC-PB" Name="sixteenbit_alu_top_drc_routed.pb"/>
  <File Type="ROUTE-DRC-RPX" Name="sixteenbit_alu_top_drc_routed.rpx"/>
  <File Type="ROUTE-METHODOLOGY-DRC" Name="sixteenbit_alu_top_methodology_drc_routed.rpt"/>
  <File Type="ROUTE-METHODOLOGY-DRC-RPX" Name="sixteenbit_alu_top_methodology_drc_routed.rpx"/>
  <File Type="ROUTE-METHODOLOGY-DRC-PB" Name="sixteenbit_alu_top_methodology_drc_routed.pb"/>
  <File Type="ROUTE-PWR-RPX" Name="sixteenbit_alu_top_power_routed.rpx"/>
  <File Type="ROUTE-STATUS" Name="sixteenbit_alu_top_route_status.rpt"/>
  <File Type="ROUTE-STATUS-PB" Name="sixteenbit_alu_top_route_status.pb"/>
  <File Type="ROUTE-TIMINGSUMMARY" Name="sixteenbit_alu_top_timing_summary_routed.rpt"/>
  <File Type="ROUTE-TIMING-PB" Name="sixteenbit_alu_top_timing_summary_routed.pb"/>
  <File Type="ROUTE-TIMING-RPX" Name="sixteenbit_alu_top_timing_summary_routed.rpx"/>
  <File Type="ROUTE-SIMILARITY" Name="sixteenbit_alu_top_incremental_reuse_routed.rpt"/>
  <File Type="ROUTE-CLK" Name="sixteenbit_alu_top_clock_utilization_routed.rpt"/>
  <File Type="ROUTE-BUS-SKEW" Name="sixteenbit_alu_top_bus_skew_routed.rpt"/>
  <File Type="ROUTE-BUS-SKEW-PB" Name="sixteenbit_alu_top_bus_skew_routed.pb"/>
  <File Type="ROUTE-BUS-SKEW-RPX" Name="sixteenbit_alu_top_bus_skew_routed.rpx"/>
  <File Type="POSTROUTE-PHYSOPT-DCP" Name="sixteenbit_alu_top_postroute_physopt.dcp"/>
  <File Type="POSTROUTE-PHYSOPT-BLACKBOX-DCP" Name="sixteenbit_alu_top_postroute_physopt_bb.dcp"/>
  <File Type="POSTROUTE-PHYSOPT-TIMING" Name="sixteenbit_alu_top_timing_summary_postroute_physopted.rpt"/>
  <File Type="POSTROUTE-PHYSOPT-TIMING-PB" Name="sixteenbit_alu_top_timing_summary_postroute_physopted.pb"/>
  <File Type="POSTROUTE-PHYSOPT-TIMING-RPX" Name="sixteenbit_alu_top_timing_summary_postroute_physopted.rpx"/>
  <File Type="POSTROUTE-PHYSOPT-BUS-SKEW" Name="sixteenbit_alu_top_bus_skew_postroute_physopted.rpt"/>
  <File Type="BG-BIT" Name="sixteenbit_alu_top.bit"/>
  <File Type="POSTROUTE-PHYSOPT-BUS-SKEW-PB" Name="sixteenbit_alu_top_bus_skew_postroute_physopted.pb"/>
  <File Type="POSTROUTE-PHYSOPT-BUS-SKEW-RPX" Name="sixteenbit_alu_top_bus_skew_postroute_physopted.rpx"/>
  <File Type="BITSTR-NKY" Name="sixteenbit_alu_top.nky"/>
  <File Type="BITSTR-BMM" Name="sixteenbit_alu_top_bd.bmm"/>
  <File Type="PDI-FILE" Name="sixteenbit_alu_top.pdi"/>
  <File Type="RCFI_FILE" Name="sixteenbit_alu_top.rcfi"/>
  <File Type="CFI_FILE" Name="sixteenbit_alu_top.cfi"/>
  <File Type="RNPI_FILE" Name="sixteenbit_alu_top.rnpi"/>
  <File Type="NPI_FILE" Name="sixteenbit_alu_top.npi"/>
  <File Type="RBD_FILE" Name="sixteenbit_alu_top.rbd"/>
  <File Type="BITSTR-LTX" Name="debug_nets.ltx"/>
  <File Type="BITSTR-LTX" Name="sixteenbit_alu_top.ltx"/>
  <File Type="BITSTR-SYSDEF" Name="sixteenbit_alu_top.sysdef"/>
  <File Type="BG-BGN" Name="sixteenbit_alu_top.bgn"/>
  <File Type="BG-DRC" Name="sixteenbit_alu_top.drc"/>
  <File Type="RDI-RDI" Name="sixteenbit_alu_top.vdi"/>
  <File Type="WBT-USG" Name="usage_statistics_webtalk.html"/>
  <File Type="ROUTE-RQS" Name="sixteenbit_alu_top_routed.rqs"/>
  <File Type="POSTROUTE-PHYSOPT-RQS" Name="sixteenbit_alu_top_postroute_physopted.rqs"/>
  <File Type="ROUTE-RQS-RPT" Name="route_report_qor_suggestions_0.rpt"/>
  <File Type="POSTROUTE-PHYSOPT-RQS-RPT" Name="postroute_physopt_report_qor_suggestions_0.rpt"/>
  <FileSet Name="sources" Type="DesignSrcs" RelSrcDir="$PSRCDIR/sources_1" RelGenDir="$PGENDIR/sources_1">
    <Filter Type="Srcs"/>
    <File Path="$PPRDIR/../../Downloads/adaptor_display.sv">
      <FileInfo>
        <Attr Name="UsedIn" Val="synthesis"/>
        <Attr Name="UsedIn" Val="implementation"/>
        <Attr Name="UsedIn" Val="simulation"/>
      </FileInfo>
    </File>
    <File Path="$PSRCDIR/sources_1/new/alu.sv">
      <FileInfo>
        <Attr Name="UsedIn" Val="synthesis"/>
        <Attr Name="UsedIn" Val="implementation"/>
        <Attr Name="UsedIn" Val="simulation"/>
      </FileInfo>
    </File>
    <File Path="$PPRDIR/../../Downloads/sixteenbit_alu_top.sv">
      <FileInfo>
        <Attr Name="UsedIn" Val="synthesis"/>
        <Attr Name="UsedIn" Val="implementation"/>
        <Attr Name="UsedIn" Val="simulation"/>
      </FileInfo>
    </File>
    <Config>
      <Option Name="DesignMode" Val="RTL"/>
      <Option Name="TopModule" Val="sixteenbit_alu_top"/>
      <Option Name="TopAutoSet" Val="TRUE"/>
    </Config>
  </FileSet>
  <FileSet Name="constrs_in" Type="Constrs" RelSrcDir="$PSRCDIR/constrs_1">
    <Filter Type="Constrs"/>
    <File Path="$PPRDIR/../../Downloads/alu_constraint.xdc">
      <FileInfo>
        <Attr Name="UsedIn" Val="synthesis"/>
        <Attr Name="UsedIn" Val="implementation"/>
      </FileInfo>
    </File>
    <Config>
      <Option Name="ConstrsType" Val="XDC"/>
    </Config>
  </FileSet>
  <FileSet Name="utils" Type="Utils" RelSrcDir="$PSRCDIR/utils_1">
    <Filter Type="Utils"/>
    <File Path="$PSRCDIR/utils_1/imports/synth_1/sixteenbit_alu_top.dcp">
      <FileInfo>
        <Attr Name="UsedIn" Val="synthesis"/>
        <Attr Name="UsedIn" Val="implementation"/>
        <Attr Name="UsedInSteps" Val="synth_1"/>
        <Attr Name="AutoDcp" Val="1"/>
      </FileInfo>
    </File>
    <Config>
      <Option Name="TopAutoSet" Val="TRUE"/>
    </Config>
  </FileSet>
  <Strategy Version="1" Minor="2">
    <StratHandle Name="Vivado Implementation Defaults" Flow="Vivado Implementation 2022">
      <Desc>Default settings for Implementation.</Desc>
    </StratHandle>
    <Step Id="init_design"/>
    <Step Id="opt_design"/>
    <Step Id="power_opt_design"/>
    <Step Id="place_design"/>
    <Step Id="post_place_power_opt_design"/>
    <Step Id="phys_opt_design"/>
    <Step Id="route_design"/>
    <Step Id="post_route_phys_opt_design"/>
    <Step Id="write_bitstream"/>
  </Strategy>
  <BlockFileSet Type="BlockSrcs" Name="vio_0"/>
</GenRun>
